Constituency,Const. No.,Leading Candidate,Leading Party,Trailing Candidate,Trailing Party,Margin,Status,state Code,state name
Puducherry,1,Ve. VAITHILINGAM,Indian National Congress,Dr. NARAYANASAMY KESAVAN,All India N.R. Congress,197025,Result Declared,U07,Puducherry
Lakshadweep,1,MOHAMMED FAIZAL PP,Nationalist Congress Party,HAMDULLAH SAYEED,Indian National Congress,823,Result Declared,U06,Lakshadweep
CHANDNI CHOWK,1,HARSH VARDHAN,Bharatiya Janata Party,JAI PRAKASH AGARWAL,Indian National Congress,228145,Result Declared,U05,Delhi
EAST DELHI,3,GAUTAM GAMBHIR,Bharatiya Janata Party,ARVINDER SINGH LOVELY,Indian National Congress,391222,Result Declared,U05,Delhi
NEW DELHI,4,MEENAKASHI LEKHI,Bharatiya Janata Party,AJAY MAKAN,Indian National Congress,256504,Result Declared,U05,Delhi
NORTH EAST DELHI,2,MANOJ TIWARI,Bharatiya Janata Party,SHEILA DIKSHIT,Indian National Congress,366102,Result Declared,U05,Delhi
NORTH WEST DELHI,5,HANS RAJ HANS,Bharatiya Janata Party,GUGAN SINGH,Aam Aadmi Party,553897,Result Declared,U05,Delhi
SOUTH DELHI,7,RAMESH BIDHURI,Bharatiya Janata Party,RAGHAV CHADHA,Aam Aadmi Party,367043,Result Declared,U05,Delhi
WEST DELHI,6,PARVESH SAHIB SINGH VERMA,Bharatiya Janata Party,MAHABAL MISHRA,Indian National Congress,578486,Result Declared,U05,Delhi
Daman & diu,1,LALUBHAI BABUBHAI PATEL,Bharatiya Janata Party,KETAN DAHYABHAI PATEL,Indian National Congress,9942,Result Declared,U04,Daman & Diu
Dadar & Nagar Haveli,1,DELKAR MOHANBHAI SANJIBHAI,Independent,PATEL NATUBHAI GOMANBHAI,Bharatiya Janata Party,9001,Result Declared,U03,Dadra & Nagar Haveli
CHANDIGARH,1,KIRRON KHER,Bharatiya Janata Party,PAWAN KUMAR BANSAL,Indian National Congress,46970,Result Declared,U02,Chandigarh
Andaman & Nicobar Islands,1,KULDEEP RAI SHARMA,Indian National Congress,VISHAL JOLLY,Bharatiya Janata Party,1407,Result Declared,U01,Andaman & Nicobar Islands
Adilabad,1,SOYAM BAPU RAO,Bharatiya Janata Party,Godam Nagesh,Telangana Rashtra Samithi,58560,Result Declared,S29,Telangana
Bhongir,14,Komat,Indian National Congress,Dr. Boora Narsaiah Goud,Telangana Rashtra Samithi,5219,Result Declared,S29,Telangana
CHELVELLA,10,Dr. G. Ranj,Telangana Rashtra Samithi,Konda Vishweshwar Reddy,Indian National Congress,14317,Result Declared,S29,Telangana
Hyderabad,9,ASADUDDIN OWAISI,All India Majlis-E-Ittehadul Muslimeen,Dr. BHAGAVANTH RAO,Bharatiya Janata Party,282186,Result Declared,S29,Telangana
Karimnagar,3,BANDI SANJAY KUMAR,Bharatiya Janata Party,BOIANAPALLI VINOD KUMAR,Telangana Rashtra Samithi,89508,Result Declared,S29,Telangana
Khammam,17,NAMA NAGESWR RAO,Telangana Rashtra Samithi,RENUKA CHOWDHURY,Indian National Congress,168062,Result Declared,S29,Telangana
Mahabubabad,16,Kav,Telangana Rashtra Samithi,Balaram Naik Porika,Indian National Congress,146663,Result Declared,S29,Telangana
Mahbubnagar,11,MANNE SRINIVAS REDDY,Telangana Rashtra Samithi,ARUNA D.K,Bharatiya Janata Party,77829,Result Declared,S29,Telangana
Malkajgiri,7,ANUMULA REVANTH REDDY,Indian National Congress,RAJASHEKAR REDDY MARRI,Telangana Rashtra Samithi,10919,Result Declared,S29,Telangana
Medak,6,Kotha Prabhakar Reddy,Telangana Rashtra Samithi,Anil Kumar Gali,Indian National Congress,316427,Result Declared,S29,Telangana
Nagarkurnool,12,POTHUGANTI RAMULU,Telangana Rashtra Samithi,DR MALLU RAVI,Indian National Congress,189748,Result Declared,S29,Telangana
Nalgonda,13,UTTAM KUMAR REDDY NALAMADA,Indian National Congress,VEMIREDDY NARASIMHA REDDY,Telangana Rashtra Samithi,25682,Result Declared,S29,Telangana
Nizamabad,4,ARVIND DHARMAPURI,Bharatiya Janata Party,KALVAKUNTLA KAVITHA,Telangana Rashtra Samithi,70875,Result Declared,S29,Telangana
Peddapalle,2,Venkatesh Netha Borlakunta,Telangana Rashtra Samithi,Agam Chandrasekhar,Indian National Congress,95180,Result Declared,S29,Telangana
Secundrabad,8,G . KISHAN REDDY,Bharatiya Janata Party,TALASANI SAI KIRAN YADAV,Telangana Rashtra Samithi,62114,Result Declared,S29,Telangana
Warangal,15,DAYAKAR PASUNOORI,Telangana Rashtra Samithi,DOMMATI SAMBAIAH,Indian National Congress,350298,Result Declared,S29,Telangana
Zahirabad,5,B.B.PATIL,Telangana Rashtra Samithi,MADAN MOHAN RAO,Indian National Congress,6229,Result Declared,S29,Telangana
Almora,3,Ajay Tamta,Bharatiya Janata Party,Pradeep Tamta,Indian National Congress,232986,Result Declared,S28,Uttarakhand
Garhwal,2,T,Bharatiya Janata Party,Manish Khanduri,Indian National Congress,302669,Result Declared,S28,Uttarakhand
Hardwar,5,Ramesh Pokhr,Bharatiya Janata Party,Ambrish Kumar,Indian National Congress,258729,Result Declared,S28,Uttarakhand
Nainital-udhamsingh Nagar,4,Ajay Bhatt,Bharatiya Janata Party,Harish Rawat,Indian National Congress,339096,Result Declared,S28,Uttarakhand
Tehri Garhwal,1,MALA RAJYA LAXMI SHAH,Bharatiya Janata Party,PRITAM SINGH,Indian National Congress,300586,Result Declared,S28,Uttarakhand
Chatra,4,SUNIL KUMAR SINGH,Bharatiya Janata Party,MANOJ KUMAR YADAV,Indian National Congress,377871,Result Declared,S27,Jharkhand
Dhanbad,7,PASHUPATI NATH SINGH,Bharatiya Janata Party,KIRTI AZAD,Indian National Congress,486194,Result Declared,S27,Jharkhand
Dumka,2,SUNIL SOREN,Bharatiya Janata Party,SHIBU SOREN,Jharkhand Mukti Morcha,47590,Result Declared,S27,Jharkhand
Giridih,6,Chandra Prakash Choudhary,AJSU Party,Jagarnath Mahto,Jharkhand Mukti Morcha,248347,Result Declared,S27,Jharkhand
Godda,3,N,Bharatiya Janata Party,Pradeep Yadav,Jharkhand Vikas Morcha (Prajatantrik),184227,Result Declared,S27,Jharkhand
Hazaribagh,14,JAYANT SINHA,Bharatiya Janata Party,GOPAL PRASAD SAHU,Indian National Congress,479548,Result Declared,S27,Jharkhand
Jamshedpur,9,B,Bharatiya Janata Party,Champai Soren,Jharkhand Mukti Morcha,302090,Result Declared,S27,Jharkhand
Khunti,11,ARJUN MUNDA,Bharatiya Janata Party,KALI CHARAN MUNDA,Indian National Congress,1445,Result Declared,S27,Jharkhand
Kodarma,5,ANNPURNA DEVI,Bharatiya Janata Party,BABU LAL MARANDI,Jharkhand Vikas Morcha (Prajatantrik),455600,Result Declared,S27,Jharkhand
Lohardaga,12,SUDARSHAN BHAGAT,Bharatiya Janata Party,SUKHDEO BHAGAT,Indian National Congress,10363,Result Declared,S27,Jharkhand
Palamau,13,VISHNU DAYAL RAM,Bharatiya Janata Party,GHURAN RAM,Rashtriya Janata Dal,477606,Result Declared,S27,Jharkhand
Rajmahal,1,VIJAY KUMAR HANSDAK,Jharkhand Mukti Morcha,HEMLAL MURMU,Bharatiya Janata Party,99195,Result Declared,S27,Jharkhand
Ranchi,8,SANJAY SETH,Bharatiya Janata Party,SUBODH KANT SAHAY,Indian National Congress,283026,Result Declared,S27,Jharkhand
Singhbhum,10,GEETA KORA,Indian National Congress,LAXMAN GILUWA,Bharatiya Janata Party,72155,Result Declared,S27,Jharkhand
BASTAR,10,DEEPAK BAIJ,Indian National Congress,BAIDU RAM KASHYAP,Bharatiya Janata Party,38982,Result Declared,S26,Chhattisgarh
BILASPUR,5,ARUN SAO,Bharatiya Janata Party,ATAL SHRIVASTAV,Indian National Congress,141763,Result Declared,S26,Chhattisgarh
DURG,7,VIJAY BAGHEL,Bharatiya Janata Party,PRATIMA CHANDRAKAR,Indian National Congress,391978,Result Declared,S26,Chhattisgarh
JANJGIR-CHAMPA,3,GUHARAM AJGALLEY,Bharatiya Janata Party,RAVI PARASRAM BHARDWAJ,Indian National Congress,83255,Result Declared,S26,Chhattisgarh
KANKER,11,MOHAN MANDAVI,Bharatiya Janata Party,BIRESH THAKUR,Indian National Congress,6914,Result Declared,S26,Chhattisgarh
KORBA,4,JYOTSNA CHARANDAS MAHANT,Indian National Congress,JYOTI NAND DUBEY,Bharatiya Janata Party,26349,Result Declared,S26,Chhattisgarh
MAHASAMUND,9,CHUNNI LAL SAHU,Bharatiya Janata Party,DHANENDRA SAHU,Indian National Congress,90511,Result Declared,S26,Chhattisgarh
RAIGARH,2,GOMATI SAI,Bharatiya Janata Party,LALJEET SINGH RATHIA,Indian National Congress,66027,Result Declared,S26,Chhattisgarh
RAIPUR,8,Sun,Bharatiya Janata Party,Pramod Dubey,Indian National Congress,348238,Result Declared,S26,Chhattisgarh
RAJNANDGAON,6,SANTOSH PANDEY,Bharatiya Janata Party,BHOLA RAM SAHU,Indian National Congress,111966,Result Declared,S26,Chhattisgarh
SARGUJA,1,Renuka S,Bharatiya Janata Party,Khel Sai Singh,Indian National Congress,157873,Result Declared,S26,Chhattisgarh
Alipurduars,2,JOHN BARLA,Bharatiya Janata Party,DASRATH TIRKEY,All India Trinamool Congress,243989,Result Declared,S25,West Bengal
Arambagh,29,APARUPA PODDAR (AFRIN ALI),All India Trinamool Congress,TAPAN KUMAR RAY,Bharatiya Janata Party,1142,Result Declared,S25,West Bengal
Asansol,40,BABUL SUPRIYO,Bharatiya Janata Party,MOON MOON SEN,All India Trinamool Congress,197637,Result Declared,S25,West Bengal
Baharampur,10,ADHIR RANJAN CHOWDHURY,Indian National Congress,APURBA SARKAR (DAVID),All India Trinamool Congress,80696,Result Declared,S25,West Bengal
Balurghat,6,Sukanta Majumdar,Bharatiya Janata Party,Arpita Ghosh,All India Trinamool Congress,33293,Result Declared,S25,West Bengal
Bangaon,14,SHANTANU THAKUR,Bharatiya Janata Party,MAMATA THAKUR,All India Trinamool Congress,111594,Result Declared,S25,West Bengal
Bankura,36,DR. SUBHAS SARKAR,Bharatiya Janata Party,SUBRATA MUKHERJEE,All India Trinamool Congress,174333,Result Declared,S25,West Bengal
Barasat,17,Dr. Kakol,All India Trinamool Congress,Mrinal Kanti Debnath,Bharatiya Janata Party,109983,Result Declared,S25,West Bengal
Bardhaman Purba,38,SUNIL KUMAR MONDAL,All India Trinamool Congress,PARESH CHANDRA DAS,Bharatiya Janata Party,89311,Result Declared,S25,West Bengal
Barrackpore,15,ARJUN SINGH,Bharatiya Janata Party,DINESH TRIVEDI,All India Trinamool Congress,14857,Result Declared,S25,West Bengal
Basirhat,18,Nusrat Jahan Ruh,All India Trinamool Congress,Sayantan Basu,Bharatiya Janata Party,350369,Result Declared,S25,West Bengal
Birbhum,42,SATABDI ROY,All India Trinamool Congress,DUDH KUMAR MONDAL,Bharatiya Janata Party,88924,Result Declared,S25,West Bengal
Bishnupur,37,KHAN SAUMITRA,Bharatiya Janata Party,SHYAMAL SANTRA,All India Trinamool Congress,78047,Result Declared,S25,West Bengal
Bolpur,41,ASIT KUMAR MAL,All India Trinamool Congress,DAS RAMPRASAD,Bharatiya Janata Party,106402,Result Declared,S25,West Bengal
Burdwan - durgapur,39,S.S AHLUWALIA,Bharatiya Janata Party,DR. MAMTAZ SANGHAMITA,All India Trinamool Congress,2439,Result Declared,S25,West Bengal
Cooch behar,1,NISITH PRAMANIK,Bharatiya Janata Party,ADHIKARY PARESH CHANDRA,All India Trinamool Congress,54231,Result Declared,S25,West Bengal
Darjeeling,4,RAJU BISTA,Bharatiya Janata Party,AMAR SINGH RAI,All India Trinamool Congress,413443,Result Declared,S25,West Bengal
Diamond harbour,21,ABHISHEK BANERJEE,All India Trinamool Congress,NILANJAN ROY,Bharatiya Janata Party,320594,Result Declared,S25,West Bengal
Dum dum,16,SOUGATA RAY,All India Trinamool Congress,SAMIK BHATTACHARYA,Bharatiya Janata Party,53002,Result Declared,S25,West Bengal
Ghatal,32,ADHIKARI DEEPAK (DEV),All India Trinamool Congress,BHARATI GHOSH,Bharatiya Janata Party,107973,Result Declared,S25,West Bengal
Hooghly,28,LOCKET CHATTERJEE,Bharatiya Janata Party,DR. RATNA DE (NAG),All India Trinamool Congress,73362,Result Declared,S25,West Bengal
Howrah,25,Prasun Banerjee,All India Trinamool Congress,Rantidev Sengupta,Bharatiya Janata Party,103695,Result Declared,S25,West Bengal
Jadavpur,22,MIMI CHAKRABORTY,All India Trinamool Congress,ANUPAM HAZRA,Bharatiya Janata Party,295239,Result Declared,S25,West Bengal
Jalpaiguri,3,Dr. JAYANTA KUMAR ROY,Bharatiya Janata Party,BIJOY CHANDRA BARMAN,All India Trinamool Congress,184004,Result Declared,S25,West Bengal
Jangipur,9,KHALILUR RAHAMAN,All India Trinamool Congress,MAFUJA KHATUN,Bharatiya Janata Party,245782,Result Declared,S25,West Bengal
Jhargram,33,Kunar Hembram,Bharatiya Janata Party,Birbaha Saren,All India Trinamool Congress,11767,Result Declared,S25,West Bengal
Joynagar,19,PRATIMA MONDAL,All India Trinamool Congress,DR. ASHOK KANDARY,Bharatiya Janata Party,316775,Result Declared,S25,West Bengal
Kanthi,31,Adh,All India Trinamool Congress,Dr. Debasis Samanta,Bharatiya Janata Party,111668,Result Declared,S25,West Bengal
Kolkata Dakshin,23,Mala Roy,All India Trinamool Congress,Chandra Kumar Bose,Bharatiya Janata Party,155192,Result Declared,S25,West Bengal
Kolkata Uttar,24,BANDYOPADHYAY SUDIP,All India Trinamool Congress,RAHUL (BISWAJIT) SINHA,Bharatiya Janata Party,127095,Result Declared,S25,West Bengal
Krishnanagar,12,MAHUA MOITRA,All India Trinamool Congress,KALYAN CHAUBEY,Bharatiya Janata Party,63218,Result Declared,S25,West Bengal
Maldaha Dakshin,8,ABU HASEM KHAN CHOWDHURY (DALU),Indian National Congress,SREERUPA MITRA CHAUDHURY,Bharatiya Janata Party,8222,Result Declared,S25,West Bengal
Maldaha Uttar,7,KHAGEN MURMU,Bharatiya Janata Party,MAUSAM NOOR,All India Trinamool Congress,84288,Result Declared,S25,West Bengal
Mathurapur,20,CHOUDHURY MOHAN JATUA,All India Trinamool Congress,SHYAMAPRASAD HALDER,Bharatiya Janata Party,203974,Result Declared,S25,West Bengal
Medinipur,34,D,Bharatiya Janata Party,Manas Ranjan Bhunia,All India Trinamool Congress,88952,Result Declared,S25,West Bengal
Murshidabad,11,ABU TAHER KHAN,All India Trinamool Congress,"ABU HENA, S/O - LATE ABDUS SATTAR",Indian National Congress,226417,Result Declared,S25,West Bengal
Purulia,35,JYOTIRMAY SINGH MAHATO,Bharatiya Janata Party,Dr. MRIGANKA MAHATO,All India Trinamool Congress,204732,Result Declared,S25,West Bengal
Raiganj,5,DEBASREE CHAUDHURI,Bharatiya Janata Party,AGARWAL KANAIALAL,All India Trinamool Congress,60574,Result Declared,S25,West Bengal
Ranaghat,13,JAGANNATH SARKAR,Bharatiya Janata Party,RUPALI BISWAS,All India Trinamool Congress,233428,Result Declared,S25,West Bengal
Srerampur,27,KALYAN BANERJEE,All India Trinamool Congress,DEBJIT SARKAR,Bharatiya Janata Party,98536,Result Declared,S25,West Bengal
Tamluk,30,Adh,All India Trinamool Congress,Sidharthashankar Naskar,Bharatiya Janata Party,190165,Result Declared,S25,West Bengal
Uluberia,26,SAJDA AHMED,All India Trinamool Congress,JOY BANERJEE,Bharatiya Janata Party,215359,Result Declared,S25,West Bengal
Agra,18,Satyapal S,Bharatiya Janata Party,Manoj Kumar Soni,Bahujan Samaj Party,211546,Result Declared,S24,Uttar Pradesh
Akbarpur,44,Devendra S,Bharatiya Janata Party,Nisha Sachan,Bahujan Samaj Party,275142,Result Declared,S24,Uttar Pradesh
Aligarh,15,SATISH KUMAR GAUTAM,Bharatiya Janata Party,DR. AJEET BALIYAN,Bahujan Samaj Party,229261,Result Declared,S24,Uttar Pradesh
Allahabad,52,R,Bharatiya Janata Party,Rajendra Singh Patel,Samajwadi Party,184275,Result Declared,S24,Uttar Pradesh
Ambedkar Nagar,55,R,Bahujan Samaj Party,Mukut Bihari,Bharatiya Janata Party,95880,Result Declared,S24,Uttar Pradesh
Amethi,37,Smr,Bharatiya Janata Party,Rahul Gandhi,Indian National Congress,55120,Result Declared,S24,Uttar Pradesh
Amroha,9,KUNWAR DANISH ALI,Bahujan Samaj Party,KANWAR SINGH TANWAR,Bharatiya Janata Party,63248,Result Declared,S24,Uttar Pradesh
Aonla,24,DHARMENDRA KASHYAP,Bharatiya Janata Party,RUCHIVIRA,Bahujan Samaj Party,113743,Result Declared,S24,Uttar Pradesh
Azamgarh,69,Akh,Samajwadi Party,Dinesh Lal Yadav Nirahua,Bharatiya Janata Party,259874,Result Declared,S24,Uttar Pradesh
Badaun,23,Dr. Sanghm,Bharatiya Janata Party,Dharmendra Yadav,Samajwadi Party,18454,Result Declared,S24,Uttar Pradesh
Baghpat,11,Dr. SATYAPAL SINGH,Bharatiya Janata Party,JAYANT CHAUDHARY,Rashtriya Lok Dal,23502,Result Declared,S24,Uttar Pradesh
Bahraich,56,AKSHAIBAR LAL,Bharatiya Janata Party,SHABBIR BALMIKI,Samajwadi Party,128752,Result Declared,S24,Uttar Pradesh
Ballia,72,V,Bharatiya Janata Party,Sanatan Pandey,Samajwadi Party,15519,Result Declared,S24,Uttar Pradesh
Banda,48,R.K. SINGH PATEL,Bharatiya Janata Party,SHYAMA CHARAN GUPTA,Samajwadi Party,58938,Result Declared,S24,Uttar Pradesh
Bansgaon,67,Kamlesh Paswan,Bharatiya Janata Party,Sadal Prasad,Bahujan Samaj Party,153468,Result Declared,S24,Uttar Pradesh
Barabanki,53,Upendra S,Bharatiya Janata Party,Ram Sagar Rawat,Samajwadi Party,110140,Result Declared,S24,Uttar Pradesh
Bareilly,25,SANTOSH KUMAR GANGWAR,Bharatiya Janata Party,BHAGWAT SARAN GANGWAR,Samajwadi Party,167282,Result Declared,S24,Uttar Pradesh
Basti,61,HARISH CHANDRA ALIAS HARISH DWIVEDI,Bharatiya Janata Party,RAM PRASAD CHAUDHARY,Bahujan Samaj Party,30354,Result Declared,S24,Uttar Pradesh
Bhadohi,78,RAMESH CHAND,Bharatiya Janata Party,RANGNATH MISHRA,Bahujan Samaj Party,43615,Result Declared,S24,Uttar Pradesh
Bijnor,4,MALOOK NAGAR,Bahujan Samaj Party,RAJA BHARATENDRA SINGH,Bharatiya Janata Party,69941,Result Declared,S24,Uttar Pradesh
Bulandshahr,14,BHOLA SINGH,Bharatiya Janata Party,YOGESH VERMA,Bahujan Samaj Party,290057,Result Declared,S24,Uttar Pradesh
Chandauli,76,Dr. Mahendra Nath Pandey,Bharatiya Janata Party,Sanjay Singh Chauhan,Samajwadi Party,13959,Result Declared,S24,Uttar Pradesh
Deoria,66,RAMAPATI RAM TRIPATHI,Bharatiya Janata Party,BINOD KUMAR JAISWAL,Bahujan Samaj Party,249931,Result Declared,S24,Uttar Pradesh
Dhaurahra,29,REKHA VERMA,Bharatiya Janata Party,ARSHAD ILIYAS SIDDIQUI,Bahujan Samaj Party,160611,Result Declared,S24,Uttar Pradesh
Domariyaganj,60,JAGDAMBIKA PAL,Bharatiya Janata Party,AFTAB ALAM,Bahujan Samaj Party,105321,Result Declared,S24,Uttar Pradesh
Etah,22,Rajveer S,Bharatiya Janata Party,Ku. Devendra Singh Yadav,Samajwadi Party,122670,Result Declared,S24,Uttar Pradesh
Etawah,41,Dr RAM SHANKAR KATHERIA,Bharatiya Janata Party,KAMLESH KUMAR,Samajwadi Party,64437,Result Declared,S24,Uttar Pradesh
Faizabad,54,LALLU SINGH,Bharatiya Janata Party,ANAND SEN,Samajwadi Party,65477,Result Declared,S24,Uttar Pradesh
Farrukhabad,40,Mukesh Rajput,Bharatiya Janata Party,Manoj Agarwal,Bahujan Samaj Party,221702,Result Declared,S24,Uttar Pradesh
Fatehpur,49,NIRANJAN JYOTI,Bharatiya Janata Party,SUKHDEV PRASAD VERMA,Bahujan Samaj Party,198205,Result Declared,S24,Uttar Pradesh
Fatehpur Sikri,19,RAJKUMAR CHAHAR,Bharatiya Janata Party,RAJ BABBAR,Indian National Congress,495065,Result Declared,S24,Uttar Pradesh
Firozabad,20,Dr. Chandra Sen Jadon,Bharatiya Janata Party,Akshay Yadav,Samajwadi Party,28781,Result Declared,S24,Uttar Pradesh
Gautam Buddha Nagar,13,Dr. MAHESH SHARMA,Bharatiya Janata Party,SATVEER,Bahujan Samaj Party,336922,Result Declared,S24,Uttar Pradesh
Ghaziabad,12,V,Bharatiya Janata Party,Suresh Bansal,Samajwadi Party,501500,Result Declared,S24,Uttar Pradesh
Ghazipur,75,AFZAL ANSARI,Bahujan Samaj Party,MANOJ SINHA,Bharatiya Janata Party,119392,Result Declared,S24,Uttar Pradesh
Ghosi,70,ATUL KUMAR SINGH,Bahujan Samaj Party,HARINARAYAN,Bharatiya Janata Party,122568,Result Declared,S24,Uttar Pradesh
Gonda,59,KIRTI VARDHAN SINGH ALIAS RAJA BHAIYA,Bharatiya Janata Party,VINOD KUMAR ALIAS PANDIT SINGH,Samajwadi Party,166360,Result Declared,S24,Uttar Pradesh
Gorakhpur,64,Rav,Bharatiya Janata Party,Rambhual Nishad,Samajwadi Party,301664,Result Declared,S24,Uttar Pradesh
Hamirpur,47,KUNWAR PUSHPENDRA SINGH CHANDEL,Bharatiya Janata Party,DILIP KUMAR SINGH,Bahujan Samaj Party,248652,Result Declared,S24,Uttar Pradesh
Hardoi,31,Ja,Bharatiya Janata Party,Usha Verma,Samajwadi Party,132474,Result Declared,S24,Uttar Pradesh
Hathras,16,RAJVIR DILER,Bharatiya Janata Party,RAMJI LAL SUMAN,Samajwadi Party,260208,Result Declared,S24,Uttar Pradesh
Jalaun,45,BHANU PRATAP SINGH VERMA,Bharatiya Janata Party,AJAY SINGH (PANKAJ),Bahujan Samaj Party,158377,Result Declared,S24,Uttar Pradesh
Jaunpur,73,SHYAM SINGH YADAV,Bahujan Samaj Party,KRISHNA PRATAP SINGH K.P.,Bharatiya Janata Party,80936,Result Declared,S24,Uttar Pradesh
Jhansi,46,Anurag Sharma,Bharatiya Janata Party,Shyam Sundar Singh,Samajwadi Party,365683,Result Declared,S24,Uttar Pradesh
Kairana,2,Pradeep Kumar,Bharatiya Janata Party,Tabassum Begum,Samajwadi Party,92160,Result Declared,S24,Uttar Pradesh
Kaiserganj,57,Br,Bharatiya Janata Party,Chandradev Ram Yadav,Bahujan Samaj Party,261601,Result Declared,S24,Uttar Pradesh
Kannauj,42,SUBRAT PATHAK,Bharatiya Janata Party,DIMPLE YADAV,Samajwadi Party,12353,Result Declared,S24,Uttar Pradesh
Kanpur,43,Satyadev Pachaur,Bharatiya Janata Party,Sriprakash Jaiswal,Indian National Congress,155934,Result Declared,S24,Uttar Pradesh
Kaushambi,50,VINOD KUMAR SONKAR,Bharatiya Janata Party,INDRAJEET SAROJ,Samajwadi Party,38722,Result Declared,S24,Uttar Pradesh
Kheri,28,Ajay Kumar,Bharatiya Janata Party,Dr. Purvi Verma,Samajwadi Party,218807,Result Declared,S24,Uttar Pradesh
Kushi Nagar,65,VIJAY KUMAR DUBEY,Bharatiya Janata Party,N.P. KUSHWAHA ALIAS NATHUNI PRASAD KUSHWAHA,Samajwadi Party,337560,Result Declared,S24,Uttar Pradesh
Lalganj,68,Sangeeta Azad,Bahujan Samaj Party,Neelam Sonker,Bharatiya Janata Party,161597,Result Declared,S24,Uttar Pradesh
Lucknow,35,Rajnath S,Bharatiya Janata Party,Poonam Shatrughan Sinha,Samajwadi Party,347302,Result Declared,S24,Uttar Pradesh
Machhlishahr,74,Bholanath (B.P. Saroj),Bharatiya Janata Party,Tribhuvan Ram (T.Ram),Bahujan Samaj Party,181,Result Declared,S24,Uttar Pradesh
Maharajganj,63,PANKAJ CHOUDHARY,Bharatiya Janata Party,AKHILESH,Samajwadi Party,340424,Result Declared,S24,Uttar Pradesh
Mainpuri,21,MULAYAM SINGH YADAV,Samajwadi Party,PREM SINGH SHAKYA,Bharatiya Janata Party,94389,Result Declared,S24,Uttar Pradesh
Mathura,17,HEMA MALINI,Bharatiya Janata Party,KUNWAR NARENDRA SINGH,Rashtriya Lok Dal,293471,Result Declared,S24,Uttar Pradesh
Meerut,10,RAJENDRA AGARWAL,Bharatiya Janata Party,HAJI MOHAMMAD YAQOOB,Bahujan Samaj Party,4729,Result Declared,S24,Uttar Pradesh
Mirzapur,79,Anupr,Apna Dal (Soneylal),Ramcharitra Nishad,Samajwadi Party,232008,Result Declared,S24,Uttar Pradesh
Misrikh,32,Ashok Kumar Rawat,Bharatiya Janata Party,Dr Neelu Satyarthi,Bahujan Samaj Party,100672,Result Declared,S24,Uttar Pradesh
Mohanlalganj,34,Kaushal K,Bharatiya Janata Party,C. L. Verma,Bahujan Samaj Party,90229,Result Declared,S24,Uttar Pradesh
Moradabad,6,Dr. S.T. HASAN,Samajwadi Party,KUNWAR SARVESH KUMAR,Bharatiya Janata Party,97878,Result Declared,S24,Uttar Pradesh
Muzaffarnagar,3,Sanjeev Kumar Balyan,Bharatiya Janata Party,Ajit Singh,Rashtriya Lok Dal,6526,Result Declared,S24,Uttar Pradesh
Nagina,5,GIRISH CHANDRA,Bahujan Samaj Party,DR. YASHWANT SINGH,Bharatiya Janata Party,166832,Result Declared,S24,Uttar Pradesh
Phulpur,51,Keshar,Bharatiya Janata Party,Pandhari Yadav,Samajwadi Party,171968,Result Declared,S24,Uttar Pradesh
Pilibhit,26,Feroze Varun Gandh,Bharatiya Janata Party,Hemraj Verma,Samajwadi Party,255627,Result Declared,S24,Uttar Pradesh
Pratapgarh,39,SANGAM LAL GUPTA,Bharatiya Janata Party,ASHOK TRIPATHI,Bahujan Samaj Party,117752,Result Declared,S24,Uttar Pradesh
Rae Bareli,36,SONIA GANDHI,Indian National Congress,DINESH PRATAP SINGH,Bharatiya Janata Party,167178,Result Declared,S24,Uttar Pradesh
Rampur,7,Mohammad Azam Khan,Samajwadi Party,Jayaprada Nahata,Bharatiya Janata Party,109997,Result Declared,S24,Uttar Pradesh
Robertsganj,80,PAKAURI LAL KOL,Apna Dal (Soneylal),BHAI LAL,Samajwadi Party,54336,Result Declared,S24,Uttar Pradesh
Saharanpur,1,HAJI FAZLUR REHMAN,Bahujan Samaj Party,RAGHAV LAKHANPAL,Bharatiya Janata Party,22417,Result Declared,S24,Uttar Pradesh
Salempur,71,RAVINDER,Bharatiya Janata Party,R S KUSHWAHA,Bahujan Samaj Party,112477,Result Declared,S24,Uttar Pradesh
Sambhal,8,DR. SHAFIQUR REHMAN BARQ,Samajwadi Party,PARAMESHVAR LAL SAINI,Bharatiya Janata Party,174826,Result Declared,S24,Uttar Pradesh
Sant Kabir Nagar,62,PRAVEEN KUMAR NISHAD,Bharatiya Janata Party,BHEESHMA SHANKAR,Bahujan Samaj Party,35749,Result Declared,S24,Uttar Pradesh
Shahjahanpur,27,Arun Kumar Sagar,Bharatiya Janata Party,Amar Chandra Jauhar,Bahujan Samaj Party,268418,Result Declared,S24,Uttar Pradesh
Shrawasti,58,RAM SHIROMANI,Bahujan Samaj Party,DADDAN MISHRA,Bharatiya Janata Party,5320,Result Declared,S24,Uttar Pradesh
Sitapur,30,Rajesh Verma,Bharatiya Janata Party,Nakul Dubey,Bahujan Samaj Party,100833,Result Declared,S24,Uttar Pradesh
Sultanpur,38,MANEKA SANJAI GANDHI,Bharatiya Janata Party,"CHANDRA BHADRA SINGH ""SSONU""",Bahujan Samaj Party,14526,Result Declared,S24,Uttar Pradesh
Unnao,33,Swam,Bharatiya Janata Party,Arun Shanker Shukla,Samajwadi Party,400956,Result Declared,S24,Uttar Pradesh
Varanasi,77,NARENDRA MODI,Bharatiya Janata Party,SHALINI YADAV,Samajwadi Party,479505,Result Declared,S24,Uttar Pradesh
Tripura East,2,Rebat,Bharatiya Janata Party,Maharaj kumari Pragya DebBurman,Indian National Congress,204290,Result Declared,S23,Tripura
Tripura West,1,Prat,Bharatiya Janata Party,Subal Bhowmik,Indian National Congress,305689,Result Declared,S23,Tripura
Arakkonam,7,S. JAGATHRAKSHAKAN,Dravida Munnetra Kazhagam,A.K. MOORTHY,Pattali Makkal Katchi,328956,Result Declared,S22,Tamil Nadu
Arani,12,VISHNU PRASAD M K,Indian National Congress,ELUMALAI V,All India Anna Dravida Munnetra Kazhagam,230806,Result Declared,S22,Tamil Nadu
Chennai central,4,DAYANIDHI MARAN,Dravida Munnetra Kazhagam,SAM PAUL. S.R.,Pattali Makkal Katchi,301520,Result Declared,S22,Tamil Nadu
Chennai North,2,Dr. KALANIDHI VEERASWAMY,Dravida Munnetra Kazhagam,ALAGAAPURAM R. MOHANRAJ,Desiya Murpokku Dravida Kazhagam,461518,Result Declared,S22,Tamil Nadu
Chennai South,3,T.SUMATHY (A) THAMIZHACHI THANGAPANDIAN,Dravida Munnetra Kazhagam,Dr.J.JAYAVARDHAN,All India Anna Dravida Munnetra Kazhagam,262223,Result Declared,S22,Tamil Nadu
Chidambaram,27,THIRUMAAVALAVAN THOL,Viduthalai Chiruthaigal Katchi,CHANDRASEKAR P,All India Anna Dravida Munnetra Kazhagam,3219,Result Declared,S22,Tamil Nadu
Coimbatore,20,NATARAJAN. P.R,Communist Party of India (Marxist),RADHAKRISHNAN. C.P,Bharatiya Janata Party,179143,Result Declared,S22,Tamil Nadu
Cuddalore,26,T. R. V .S. RAMESH,Dravida Munnetra Kazhagam,Dr. R. GOVINDASAMY,Pattali Makkal Katchi,143983,Result Declared,S22,Tamil Nadu
Dharmapuri,10,DNV SENTHILKUMAR. S.,Dravida Munnetra Kazhagam,ANBUMANI RAMADOSS,Pattali Makkal Katchi,70753,Result Declared,S22,Tamil Nadu
Dindigul,22,"VELUSAMY, P.",Dravida Munnetra Kazhagam,"JOTHIMUTHU, K.",Pattali Makkal Katchi,538972,Result Declared,S22,Tamil Nadu
Erode,17,GANESHAMURTHI A,Dravida Munnetra Kazhagam,MANIMARAN G,All India Anna Dravida Munnetra Kazhagam,210618,Result Declared,S22,Tamil Nadu
Kallakurichi,14,Gautham S,Dravida Munnetra Kazhagam,Sudhish L K,Desiya Murpokku Dravida Kazhagam,399919,Result Declared,S22,Tamil Nadu
Kancheepuram,6,Selvam.G,Dravida Munnetra Kazhagam,Maragatham K,All India Anna Dravida Munnetra Kazhagam,286632,Result Declared,S22,Tamil Nadu
Kanniyakumari,39,Vasanthakumar. H,Indian National Congress,RADHAKRISHNAN. P,Bharatiya Janata Party,259933,Result Declared,S22,Tamil Nadu
Karur,23,Joth,Indian National Congress,Thambidurai M,All India Anna Dravida Munnetra Kazhagam,420546,Result Declared,S22,Tamil Nadu
Krishnagiri,9,Dr.A.CHELLAKUMAR,Indian National Congress,K.P.MUNUSAMY,All India Anna Dravida Munnetra Kazhagam,156765,Result Declared,S22,Tamil Nadu
Madurai,32,VENKATESAN S,Communist Party of India (Marxist),RAJ SATYEN V.V.R,All India Anna Dravida Munnetra Kazhagam,139395,Result Declared,S22,Tamil Nadu
Mayiladuthurai,28,RAMALINGAM. S,Dravida Munnetra Kazhagam,ASAIMANI. S,All India Anna Dravida Munnetra Kazhagam,261314,Result Declared,S22,Tamil Nadu
Nagapattinam,29,SELVARAJ M,Communist Party of India,SARAVANAN M,All India Anna Dravida Munnetra Kazhagam,211353,Result Declared,S22,Tamil Nadu
Namakkal,16,CHINRAJ A.K.P,Dravida Munnetra Kazhagam,KALIAPPAN P,All India Anna Dravida Munnetra Kazhagam,265151,Result Declared,S22,Tamil Nadu
Nilgiris,19,"RAJA, A.",Dravida Munnetra Kazhagam,"THIYAGARAJAN, M.",All India Anna Dravida Munnetra Kazhagam,205823,Result Declared,S22,Tamil Nadu
Perambalur,25,"Dr.PAARIVENDHAR, T. R",Dravida Munnetra Kazhagam,"SIVAPATHY, N.R",All India Anna Dravida Munnetra Kazhagam,403518,Result Declared,S22,Tamil Nadu
Pollachi,21,SHANMUGA SUNDARAM. K,Dravida Munnetra Kazhagam,MAHENDRAN. C,All India Anna Dravida Munnetra Kazhagam,175883,Result Declared,S22,Tamil Nadu
Ramanathapuram,35,K. NAVASKANI,Indian Union Muslim League,NAINAR NAGENTHRAN,Bharatiya Janata Party,127122,Result Declared,S22,Tamil Nadu
Salem,15,PARTHIBAN.S.R,Dravida Munnetra Kazhagam,SARAVANAN.K.R.S,All India Anna Dravida Munnetra Kazhagam,146926,Result Declared,S22,Tamil Nadu
Sivaganga,31,KARTI P CHIDAMBARAM,Indian National Congress,H.RAJA,Bharatiya Janata Party,332244,Result Declared,S22,Tamil Nadu
Sriperumbudur,5,Baalu.T.R.,Dravida Munnetra Kazhagam,Vaithilingam A,Pattali Makkal Katchi,507955,Result Declared,S22,Tamil Nadu
Tenkasi,37,DHANUSH.M.KUMAR,Dravida Munnetra Kazhagam,Dr.KRISHNASAMY.K,All India Anna Dravida Munnetra Kazhagam,120286,Result Declared,S22,Tamil Nadu
Thanjavur,30,"PALANIMANICKAM,S.S.",Dravida Munnetra Kazhagam,"NATARAJAN,N.R .",Tamil Maanila Congress (Moopanar),368129,Result Declared,S22,Tamil Nadu
Theni,33,"RAVEENDRANATH KUMAR, P",All India Anna Dravida Munnetra Kazhagam,"ELANGOVAN, E.V.K.S.",Indian National Congress,76693,Result Declared,S22,Tamil Nadu
Thiruvallur,1,Dr.K.Jayakumar,Indian National Congress,Dr.P.Venugopal,All India Anna Dravida Munnetra Kazhagam,356955,Result Declared,S22,Tamil Nadu
Thoothukkudi,36,KANIMOZHI KARUNANIDHI,Dravida Munnetra Kazhagam,DR. TAMILISAI SOUNDARARAJAN,Bharatiya Janata Party,347209,Result Declared,S22,Tamil Nadu
Tiruchirappalli,24,Th,Indian National Congress,DR.Elangovan. V,Desiya Murpokku Dravida Kazhagam,459286,Result Declared,S22,Tamil Nadu
Tirunelveli,38,GNANATHIRAVIAM S,Dravida Munnetra Kazhagam,PAUL MANOJ PANDIAN,All India Anna Dravida Munnetra Kazhagam,185457,Result Declared,S22,Tamil Nadu
Tiruppur,18,"SUBBARAYAN, K.",Communist Party of India,"ANANDAN, M.S.M.",All India Anna Dravida Munnetra Kazhagam,93368,Result Declared,S22,Tamil Nadu
Tiruvannamalai,11,ANNADURAI C N,Dravida Munnetra Kazhagam,AGRI KRISHNAMURTHY S S,All India Anna Dravida Munnetra Kazhagam,304187,Result Declared,S22,Tamil Nadu
Viluppuram,13,RAVIKUMAR D,Dravida Munnetra Kazhagam,VADIVEL RAVANAN S,Pattali Makkal Katchi,128068,Result Declared,S22,Tamil Nadu
Virudhunagar,34,"MANICKAM TAGORE, B.",Indian National Congress,"ALAGARSAMY, R.",Desiya Murpokku Dravida Kazhagam,154554,Result Declared,S22,Tamil Nadu
Sikkim,1,INDRA HANG SUBBA,Sikkim Krantikari Morcha,DEK BAHADUR KATWAL,Sikkim Democratic Front,12433,Result Declared,S21,Sikkim
Ajmer,13,Bhag,Bharatiya Janata Party,Riju Jhunjhunwala,Indian National Congress,416424,Result Declared,S20,Rajasthan
Alwar,8,Balak Nath,Bharatiya Janata Party,Bhanwar Jitendra Singh,Indian National Congress,329971,Result Declared,S20,Rajasthan
Banswara,20,KANAKMAL KATARA,Bharatiya Janata Party,TARACHAND BHAGORA,Indian National Congress,305464,Result Declared,S20,Rajasthan
Barmer,17,KAILASH CHOUDHARY,Bharatiya Janata Party,MANVENDRA SINGH,Indian National Congress,323808,Result Declared,S20,Rajasthan
BHARATPUR,9,RANJEETA KOLI,Bharatiya Janata Party,ABHIJEET KUMAR JATAV,Indian National Congress,318399,Result Declared,S20,Rajasthan
Bhilwara,23,SUBHASH CHANDRA BAHERIA,Bharatiya Janata Party,RAM PAL SHARMA,Indian National Congress,612000,Result Declared,S20,Rajasthan
Bikaner,2,ARJUN RAM MEGHWAL,Bharatiya Janata Party,MADAN GOPAL MEGHWAL,Indian National Congress,264081,Result Declared,S20,Rajasthan
Chittorgarh,21,Chandra Prakash Josh,Bharatiya Janata Party,Gopal Singh Shekhawat,Indian National Congress,576247,Result Declared,S20,Rajasthan
Churu,3,RAHUL KASWAN,Bharatiya Janata Party,RAFIQUE MANDELIA,Indian National Congress,334402,Result Declared,S20,Rajasthan
Dausa,11,Jaskaur Meena,Bharatiya Janata Party,Savita Meena,Indian National Congress,78444,Result Declared,S20,Rajasthan
Ganganagar,1,NIHAL CHAND,Bharatiya Janata Party,BHARAT RAM MEGHWAL,Indian National Congress,406978,Result Declared,S20,Rajasthan
Jaipur,7,Ramcharan Bohra,Bharatiya Janata Party,Jyoti Khandelwal,Indian National Congress,430626,Result Declared,S20,Rajasthan
Jaipur Rural,6,COL. RAJYAVARDHAN RATHORE,Bharatiya Janata Party,KRISHNA POONIA,Indian National Congress,393171,Result Declared,S20,Rajasthan
Jalore,18,Devaj,Bharatiya Janata Party,Ratan Devasi,Indian National Congress,261110,Result Declared,S20,Rajasthan
JHALAWAR-BARAN,25,DUSHYANT SINGH,Bharatiya Janata Party,PRAMOD SHARMA,Indian National Congress,453928,Result Declared,S20,Rajasthan
Jhunjhunu,4,NARENDRA KUMAR,Bharatiya Janata Party,SHARWAN KUMAR S/O GOKAL RAM,Indian National Congress,302547,Result Declared,S20,Rajasthan
Jodhpur,16,Gajendra S,Bharatiya Janata Party,Vaibhav Gehlot,Indian National Congress,274440,Result Declared,S20,Rajasthan
KARAULI-DHOLPUR,10,MANOJ RAJORIA,Bharatiya Janata Party,SANJAY KUMAR,Indian National Congress,97682,Result Declared,S20,Rajasthan
Kota,24,OM BIRLA,Bharatiya Janata Party,RAMNARAIN MEENA,Indian National Congress,279677,Result Declared,S20,Rajasthan
Nagaur,14,HANUMAN BENIWAL,Rashtriya Loktantrik Party,DR. JYOTI MIRDHA,Indian National Congress,181260,Result Declared,S20,Rajasthan
Pali,15,P. P. CHAUDHARY,Bharatiya Janata Party,BADRIRAM JAKHAR,Indian National Congress,481597,Result Declared,S20,Rajasthan
Rajsamand,22,D,Bharatiya Janata Party,Devkinandan (Kaka),Indian National Congress,551916,Result Declared,S20,Rajasthan
Sikar,5,Sumedhanand Saraswat,Bharatiya Janata Party,Subhash Maharia,Indian National Congress,297156,Result Declared,S20,Rajasthan
TONK-SAWAI MADHOPUR,12,Sukhb,Bharatiya Janata Party,Namonarayan,Indian National Congress,111291,Result Declared,S20,Rajasthan
Udaipur,19,ARJUNLAL MEENA,Bharatiya Janata Party,RAGHUVIR SINGH MEENA,Indian National Congress,437914,Result Declared,S20,Rajasthan
Amritsar,2,GURJEET SINGH AUJLA,Indian National Congress,HARDEEP SINGH PURI,Bharatiya Janata Party,99626,Result Declared,S19,Punjab
Anandpur Sahib,6,Man,Indian National Congress,Professor Prem Singh Chandumajra,Shiromani Akali Dal,46884,Result Declared,S19,Punjab
Bathinda,11,Hars,Shiromani Akali Dal,Amrinder Singh Raja Warring,Indian National Congress,21772,Result Declared,S19,Punjab
Faridkot,9,Mohammad Sad,Indian National Congress,Gulzar Singh Ranike,Shiromani Akali Dal,83256,Result Declared,S19,Punjab
Fatehgarh Sahib,8,AMAR SINGH,Indian National Congress,DARBARA SINGH GURU,Shiromani Akali Dal,93898,Result Declared,S19,Punjab
Firozpur,10,SUKHBIR SINGH BADAL,Shiromani Akali Dal,SHER SINGH GHUBAYA,Indian National Congress,198850,Result Declared,S19,Punjab
Gurdaspur,1,SUNNY DEOL,Bharatiya Janata Party,SUNIL JAKHAR,Indian National Congress,82459,Result Declared,S19,Punjab
Hoshiarpur,5,SOM PARKASH,Bharatiya Janata Party,Dr. RAJ KUMAR CHABBEWAL,Indian National Congress,48530,Result Declared,S19,Punjab
Jalandhar,4,Santokh S,Indian National Congress,Charanjit Singh Atwal,Shiromani Akali Dal,19491,Result Declared,S19,Punjab
Khadoor Sahib,3,JASBIR SINGH GILL (DIMPA),Indian National Congress,BIBI JAGIR KAUR,Shiromani Akali Dal,140573,Result Declared,S19,Punjab
Ludhiana,7,RAVNEET SINGH BITTU,Indian National Congress,SIMARJEET SINGH BAINS,Lok Insaaf Party,76372,Result Declared,S19,Punjab
Patiala,13,Preneet Kaur,Indian National Congress,Surjit Singh Rakhra,Shiromani Akali Dal,162718,Result Declared,S19,Punjab
Sangrur,12,BHAGWANT MANN,Aam Aadmi Party,KEWAL SINGH DHILLON,Indian National Congress,110211,Result Declared,S19,Punjab
Aska,19,Pram,Biju Janata Dal,Anita Subhadarshini,Bharatiya Janata Party,204707,Result Declared,S18,Odisha
Balasore,6,PRATAP CHANDRA SARANGI,Bharatiya Janata Party,RABINDRA KUMAR JENA,Biju Janata Dal,12956,Result Declared,S18,Odisha
Bargarh,1,Suresh Pujar,Bharatiya Janata Party,Prasanna Acharya,Biju Janata Dal,63939,Result Declared,S18,Odisha
Berhampur,20,CHANDRA SEKHAR SAHU,Biju Janata Dal,BHRUGU BAXIPATRA,Bharatiya Janata Party,94844,Result Declared,S18,Odisha
Bhadrak,7,MANJULATA MANDAL,Biju Janata Dal,AVIMANYU SETHI,Bharatiya Janata Party,28803,Result Declared,S18,Odisha
Bhubaneswar,18,APARAJITA SARANGI,Bharatiya Janata Party,Arup Mohan Patnaik,Biju Janata Dal,23839,Result Declared,S18,Odisha
Bolangir,10,Sangeeta Kumar,Bharatiya Janata Party,Kalikesh Narayan Singh Deo,Biju Janata Dal,19516,Result Declared,S18,Odisha
Cuttack,14,BHARTRUHARI MAHTAB,Biju Janata Dal,PRAKASH MISHRA,Bharatiya Janata Party,121201,Result Declared,S18,Odisha
Dhenkanal,9,MAHESH SAHOO,Biju Janata Dal,RUDRA NARAYAN PANY,Bharatiya Janata Party,35412,Result Declared,S18,Odisha
Jagatsinghpur,16,RAJASHREE MALLICK,Biju Janata Dal,BIBHU PRASAD TARAI,Bharatiya Janata Party,271655,Result Declared,S18,Odisha
Jajpur,8,SARMISTHA SETHI,Biju Janata Dal,AMIYA KANTA MALLICK,Bharatiya Janata Party,101693,Result Declared,S18,Odisha
Kalahandi,11,BASANTA KUMAR PANDA,Bharatiya Janata Party,PUSPENDRA SINGH DEO,Biju Janata Dal,26814,Result Declared,S18,Odisha
Kandhamal,13,ACHYUTANANDA SAMANTA,Biju Janata Dal,Mahameghabahan Aira Kharabela Swain,Bharatiya Janata Party,149216,Result Declared,S18,Odisha
Kendrapara,15,Anubhav Mohanty,Biju Janata Dal,BAIJAYANT PANDA,Bharatiya Janata Party,152584,Result Declared,S18,Odisha
Keonjhar,4,Chandran,Biju Janata Dal,Ananta Nayak,Bharatiya Janata Party,66203,Result Declared,S18,Odisha
Koraput,21,SAPTAGIRI SANKAR ULAKA,Indian National Congress,KAUSALYA HIKAKA,Biju Janata Dal,3613,Result Declared,S18,Odisha
Mayurbhanj,5,BISHWESWAR TUDU,Bharatiya Janata Party,DR DEBASHIS MARNDI,Biju Janata Dal,25256,Result Declared,S18,Odisha
Nabarangpur,12,RAMESH CHANDRA MAJHI,Biju Janata Dal,PRADEEP KUMAR MAJHI,Indian National Congress,41634,Result Declared,S18,Odisha
Puri,17,PINAKI MISRA,Biju Janata Dal,Dr Sambit Patra,Bharatiya Janata Party,11714,Result Declared,S18,Odisha
Sambalpur,3,NITESH GANGA DEB,Bharatiya Janata Party,NALINI KANTA PRADHAN,Biju Janata Dal,9162,Result Declared,S18,Odisha
Sundargarh,2,Jual Oram,Bharatiya Janata Party,Sunita Biswal,Biju Janata Dal,223065,Result Declared,S18,Odisha
Nagaland,1,Tokheho Yepthom,Nationalist Democratic Progressive Party,K L Chishi,Indian National Congress,16344,Result Declared,S17,Nagaland
MIZORAM,1,C LALROSANGA,Mizo National Front,LALNGHINGLOVA HMAR,Independent,8140,Result Declared,S16,Mizoram
Shillong,1,VINCENT H. PALA,Indian National Congress,JEMINO MAWTHOH,United Democratic Party,152433,Result Declared,S15,Meghalaya
Tura,2,AGATHA K. SANGMA,National People's Party,DR. MUKUL SANGMA,Indian National Congress,64030,Result Declared,S15,Meghalaya
Inner manipur,1,DR RAJKUMAR RANJAN SINGH,Bharatiya Janata Party,OINAM NABAKISHORE SINGH,Indian National Congress,17755,Result Declared,S14,Manipur
Outer manipur,2,Lorho S. Pfoze,Naga Peoples Front,Houlim Shokhopao Mate,Bharatiya Janata Party,73782,Result Declared,S14,Manipur
Ahmadnagar,37,Dr. SUJAY RADHAKRISHNA VIKHEPATIL,Bharatiya Janata Party,SANGRAM ARUNKAKA JAGTAP,Nationalist Congress Party,281474,Result Declared,S13,Maharashtra
Akola,6,Dhotre Sanjay Shamrao,Bharatiya Janata Party,Ambedkar (Adv) Prakash Yashwant,Vanchit Bahujan Aaghadi,275596,Result Declared,S13,Maharashtra
Amravati,7,Navn,Independent,Adsul Anandrao Vithoba,Shivsena,36951,Result Declared,S13,Maharashtra
Aurangabad,19,Imt,All India Majlis-E-Ittehadul Muslimeen,Chandrakant Khaire,Shivsena,4492,Result Declared,S13,Maharashtra
Baramati,35,Supr,Nationalist Congress Party,Kanchan Rahul Kool,Bharatiya Janata Party,155774,Result Declared,S13,Maharashtra
Beed,39,Pr,Bharatiya Janata Party,Bajrang Manohar Sonwane,Nationalist Congress Party,168368,Result Declared,S13,Maharashtra
Bhandara - gondiya,11,Sun,Bharatiya Janata Party,Panchabudhe Nana Jairam,Nationalist Congress Party,197394,Result Declared,S13,Maharashtra
Bhiwandi,23,KAPIL MORESHWAR PATIL,Bharatiya Janata Party,TAWARE SURESH KASHINATH,Indian National Congress,156329,Result Declared,S13,Maharashtra
Buldhana,5,Jadhav Prataprao Ganpatrao,Shivsena,Dr. Rajendra Bhaskarrav Shingne,Nationalist Congress Party,133287,Result Declared,S13,Maharashtra
Chandrapur,13,Balubhau al,Indian National Congress,Ahir Hansraj Gangaram,Bharatiya Janata Party,44763,Result Declared,S13,Maharashtra
Dhule,2,Bhamre Subhash Ramrao,Bharatiya Janata Party,Kunalbaba Rohidas Patil,Indian National Congress,229243,Result Declared,S13,Maharashtra
Dindori,20,Dr. Bharat,Bharatiya Janata Party,Dhanraj Haribhau Mahale,Nationalist Congress Party,198779,Result Declared,S13,Maharashtra
Gadchiroli-Chimur,12,ASHOK MAHADEORAO NETE,Bharatiya Janata Party,Dr. NAMDEO DALLUJI USENDI,Indian National Congress,77526,Result Declared,S13,Maharashtra
Hatkanangle,48,Dha,Shivsena,Raju Anna Shetti,Swabhimani Paksha,96039,Result Declared,S13,Maharashtra
Hingoli,15,Hemant Pat,Shivsena,Wankhede Subhashrao Bapurao,Indian National Congress,277856,Result Declared,S13,Maharashtra
Jalgaon,3,Unmesh Bha,Bharatiya Janata Party,Gulabrao Baburao Deokar,Nationalist Congress Party,411617,Result Declared,S13,Maharashtra
Jalna,18,Danve Raosaheb Dadarao,Bharatiya Janata Party,Autade Vilas Keshavrao,Indian National Congress,332815,Result Declared,S13,Maharashtra
Kalyan,24,Dr. SHRIKANT EKNATH SHINDE,Shivsena,BABAJI BALARAM PATIL,Nationalist Congress Party,344343,Result Declared,S13,Maharashtra
Kolhapur,47,Sanjay Sadash,Shivsena,Dhananjay Mahadik,Nationalist Congress Party,270568,Result Declared,S13,Maharashtra
Latur,41,Sudhakar Tukaram Shrangare,Bharatiya Janata Party,Kamant Machhindra Gunwantrao,Indian National Congress,289111,Result Declared,S13,Maharashtra
Madha,43,Ranjeets,Bharatiya Janata Party,Sanjaymama Vitthalrao Shinde,Nationalist Congress Party,85764,Result Declared,S13,Maharashtra
Maval,33,SHRIRANG APPA CHANDU BARNE,Shivsena,PARTH AJIT PAWAR,Nationalist Congress Party,215913,Result Declared,S13,Maharashtra
Mumbai South,31,Arv,Shivsena,Deora Milind Murli,Indian National Congress,100067,Result Declared,S13,Maharashtra
Mumbai North,26,Gopal Shetty,Bharatiya Janata Party,Urmila Matondkar,Indian National Congress,465247,Result Declared,S13,Maharashtra
Mumbai North central,29,POONAM MAHAJAN,Bharatiya Janata Party,DUTT PRIYA SUNIL,Indian National Congress,130005,Result Declared,S13,Maharashtra
Mumbai North East,28,Manoj Kotak,Bharatiya Janata Party,Patil Sanjay Dina,Nationalist Congress Party,226486,Result Declared,S13,Maharashtra
Mumbai North West,27,Gajanan K,Shivsena,Sanjay Nirupam,Indian National Congress,260328,Result Declared,S13,Maharashtra
Mumbai South central,30,Rahul Ramesh Shewale,Shivsena,Eknath M. Gaikwad,Indian National Congress,152139,Result Declared,S13,Maharashtra
Nagpur,10,NITIN JAIRAM GADKARI,Bharatiya Janata Party,NANA PATOLE,Indian National Congress,216009,Result Declared,S13,Maharashtra
Nanded,16,Prataprao Pat,Bharatiya Janata Party,Ashok Shankarrao Chavan,Indian National Congress,40148,Result Declared,S13,Maharashtra
Nandurbar,1,Dr. Heena V,Bharatiya Janata Party,Adv. K. C. Padavi,Indian National Congress,95629,Result Declared,S13,Maharashtra
Nashik,21,Godse Hemant Tukaram,Shivsena,Sameer Magan Bhujbal,Nationalist Congress Party,292204,Result Declared,S13,Maharashtra
Osmanabad,40,Omprakash Bhupals,Shivsena,Ranajagjitsinha Padmasinha Patil,Nationalist Congress Party,127566,Result Declared,S13,Maharashtra
Palghar,22,Rajendra Dhedya Gav,Shivsena,Baliram Sukur Jadhav,Bahujan Vikas Aaghadi,88883,Result Declared,S13,Maharashtra
Parbhani,17,JADHAV SANJAY (BANDU) HARIBHAU,Shivsena,RAJESH UTTAMRAO VITEKAR,Nationalist Congress Party,42199,Result Declared,S13,Maharashtra
Pune,34,G,Bharatiya Janata Party,Mohan Joshi,Indian National Congress,324628,Result Declared,S13,Maharashtra
Raigad,32,Tatkare Sun,Nationalist Congress Party,Anant Geete,Shivsena,31438,Result Declared,S13,Maharashtra
Ramtek,9,Krupal Balaj,Shivsena,Kishore Uttamrao Gajbhiye,Indian National Congress,126783,Result Declared,S13,Maharashtra
Ratnagiri - sindhudurg,46,V,Shivsena,Nilesh Narayan Rane,"Maharashtra Swabhimaan Paksh,",178322,Result Declared,S13,Maharashtra
Raver,4,Khadse Raksha N,Bharatiya Janata Party,Dr.Ulhas Vasudeo Patil,Indian National Congress,335882,Result Declared,S13,Maharashtra
Sangli,44,Sanjaykaka Pat,Bharatiya Janata Party,Vishal Prakashbapu Patil,Swabhimani Paksha,164352,Result Declared,S13,Maharashtra
Satara,45,SHRIMANT CHH. UDAYANRAJE PRATAPSINHMAHARAJ BHONSLE,Nationalist Congress Party,NARENDRA ANNASAHEB PATIL,Shivsena,126528,Result Declared,S13,Maharashtra
Shirdi,38,SADASHIV KISAN LOKHANDE,Shivsena,KAMBLE BHAUSAHEB MALHARI,Indian National Congress,120195,Result Declared,S13,Maharashtra
Shirur,36,Dr. Amol Rams,Nationalist Congress Party,Adhalrao Shivaji Dattatrey,Shivsena,58483,Result Declared,S13,Maharashtra
Solapur,42,SHRI. SHA. BRA. DR. JAI SIDHESHWAR SHIVACHARY MAHASWAMIJI,Bharatiya Janata Party,SHINDE SUSHILKUMAR SAMBHAJIRAO,Indian National Congress,158608,Result Declared,S13,Maharashtra
Thane,25,RAJAN BABURAO VICHARE,Shivsena,ANAND PRAKASH PARANJPE,Nationalist Congress Party,412145,Result Declared,S13,Maharashtra
Wardha,8,Ramdas Chandrabhanj,Bharatiya Janata Party,Charulata Rao Tokas,Indian National Congress,187191,Result Declared,S13,Maharashtra
Yavatmal-Washim,14,Bhavana Pundl,Shivsena,Thakre Manikrao Govindrao,Indian National Congress,117939,Result Declared,S13,Maharashtra
BALAGHAT,15,DR DHAL SINGH BISEN,Bharatiya Janata Party,MADHU BHAGAT,Indian National Congress,242066,Result Declared,S12,Madhya Pradesh
BETUL,29,DURGA DAS (D.D.) UIKEY,Bharatiya Janata Party,RAMU TEKAM (ADVOCATE),Indian National Congress,360241,Result Declared,S12,Madhya Pradesh
BHIND,2,SANDHYA RAY,Bharatiya Janata Party,DEVASHISH,Indian National Congress,199885,Result Declared,S12,Madhya Pradesh
BHOPAL,19,SADHVI PRAGYA SINGH THAKUR,Bharatiya Janata Party,DIGVIJAYA SINGH,Indian National Congress,364822,Result Declared,S12,Madhya Pradesh
CHHINDWARA,16,NAKUL KAMAL NATH,Indian National Congress,NATHANSAHA KAWRETI,Bharatiya Janata Party,37536,Result Declared,S12,Madhya Pradesh
DAMOH,7,PRAHALAD SINGH PATEL,Bharatiya Janata Party,PRATAP SINGH,Indian National Congress,353411,Result Declared,S12,Madhya Pradesh
DEWAS,21,MAHENDRA SINGH SOLANKY,Bharatiya Janata Party,PRAHLAD SINGH TIPANYA,Indian National Congress,372249,Result Declared,S12,Madhya Pradesh
DHAR,25,CHATTARSINGH DARBAR,Bharatiya Janata Party,GIRWAL DINESH,Indian National Congress,156029,Result Declared,S12,Madhya Pradesh
GUNA,4,"KRISHNA PAL SINGH ""Dr. K. P. YADAV""",Bharatiya Janata Party,JYOTIRADITYA M. SCINDIA,Indian National Congress,125549,Result Declared,S12,Madhya Pradesh
GWALIOR,3,VIVEK NARAYAN SHEJWALKAR,Bharatiya Janata Party,ASHOK SINGH,Indian National Congress,146842,Result Declared,S12,Madhya Pradesh
HOSHANGABAD,17,UDAY PRATAP SINGH,Bharatiya Janata Party,SHAILENDRA DIWAN CHANDARBHAN SINGH,Indian National Congress,553682,Result Declared,S12,Madhya Pradesh
INDORE,26,SHANKAR LALWANI,Bharatiya Janata Party,PANKAJ SANGHVI,Indian National Congress,547754,Result Declared,S12,Madhya Pradesh
JABALPUR,13,RAKESH SINGH,Bharatiya Janata Party,Pt. VIVEK KRISHNA TANKHA,Indian National Congress,454744,Result Declared,S12,Madhya Pradesh
KHAJURAHO,8,V.D. SHARMA (VISHNU DATT SHARMA),Bharatiya Janata Party,MAHARANI KAVITA SINGH NATIRAJA,Indian National Congress,492382,Result Declared,S12,Madhya Pradesh
KHANDWA,28,NANDKUMAR SINGH CHOUHAN (NANDU BHAIYA),Bharatiya Janata Party,ARUN SUBHASH CHANDRA YADAV,Indian National Congress,273343,Result Declared,S12,Madhya Pradesh
KHARGONE,27,GAJENDRA UMRAO SINGH PATEL,Bharatiya Janata Party,DR. GOVIND SUBHAN MUJALDA,Indian National Congress,202510,Result Declared,S12,Madhya Pradesh
MANDLA,14,FAGGAN SINGH KULASTE,Bharatiya Janata Party,KAMAL SINGH MARAVI,Indian National Congress,97674,Result Declared,S12,Madhya Pradesh
MANDSOUR,23,Sudheer Gupta,Bharatiya Janata Party,Meenakshi Natarajan,Indian National Congress,376734,Result Declared,S12,Madhya Pradesh
MORENA,1,NARENDRA SINGH TOMAR,Bharatiya Janata Party,RAMNIWAS RAWAT,Indian National Congress,113341,Result Declared,S12,Madhya Pradesh
RAJGARH,20,RODMAL NAGAR,Bharatiya Janata Party,MONA SUSTANI,Indian National Congress,431019,Result Declared,S12,Madhya Pradesh
RATLAM,24,GUMAN SINGH DAMOR,Bharatiya Janata Party,KANTILAL BHURIA,Indian National Congress,90636,Result Declared,S12,Madhya Pradesh
REWA,10,JANARDAN MISHRA,Bharatiya Janata Party,"SIDDHARTH TIWARI ""RAJ""",Indian National Congress,312807,Result Declared,S12,Madhya Pradesh
SAGAR,5,RAJBAHADUR SINGH,Bharatiya Janata Party,PRABHU SINGH THAKUR,Indian National Congress,305542,Result Declared,S12,Madhya Pradesh
SATNA,9,GANESH SINGH,Bharatiya Janata Party,RAJARAM TRIPATHI,Indian National Congress,231473,Result Declared,S12,Madhya Pradesh
SHAHDOL,12,HIMADRI SINGH,Bharatiya Janata Party,PRAMILA SINGH,Indian National Congress,403333,Result Declared,S12,Madhya Pradesh
SIDHI,11,R,Bharatiya Janata Party,Ajay Arjun Singh,Indian National Congress,286524,Result Declared,S12,Madhya Pradesh
TIKAMGARH,6,Dr V,Bharatiya Janata Party,Ahirwar Kiran,Indian National Congress,348059,Result Declared,S12,Madhya Pradesh
UJJAIN,22,ANIL FIROJIYA,Bharatiya Janata Party,BABULAL MALVIYA,Indian National Congress,365637,Result Declared,S12,Madhya Pradesh
VIDISHA,18,Ramakant Bhargava,Bharatiya Janata Party,Shailendra Rameshchandra Patel,Indian National Congress,503084,Result Declared,S12,Madhya Pradesh
Alappuzha,15,Adv. A M ARIFF,Communist Party of India (Marxist),Adv. SHANIMOL OSMAN,Indian National Congress,10474,Result Declared,S11,Kerala
Alathur,9,RAMYA HARIDAS,Indian National Congress,DR. P.K.BIJU,Communist Party of India (Marxist),158968,Result Declared,S11,Kerala
Attingal,19,Adv. ADOOR PRAKASH,Indian National Congress,Dr. A. SAMPATH,Communist Party of India (Marxist),38247,Result Declared,S11,Kerala
Chalakudy,11,BENNY BEHANAN,Indian National Congress,INNOCENT,Communist Party of India (Marxist),132274,Result Declared,S11,Kerala
Ernakulam,12,HIBI EDEN,Indian National Congress,P RAJEEV,Communist Party of India (Marxist),169153,Result Declared,S11,Kerala
Idukki,13,Adv. DEAN KURIAKOSE,Indian National Congress,"Adv, JOICE GEORGE",Independent,171053,Result Declared,S11,Kerala
Kannur,2,K. SUDHAKARAN,Indian National Congress,P. K. SREEMATHI TEACHER,Communist Party of India (Marxist),94559,Result Declared,S11,Kerala
Kasaragod,1,Rajmohan Unn,Indian National Congress,K. P. Sathishchandran,Communist Party of India (Marxist),40438,Result Declared,S11,Kerala
Kollam,18,N.K.Premachandran,Revolutionary Socialist Party,K.N.Balagopal,Communist Party of India (Marxist),148856,Result Declared,S11,Kerala
Kottayam,14,Thomas Chazh,Kerala Congress (M),V.N. Vasavan,Communist Party of India (Marxist),106259,Result Declared,S11,Kerala
Kozhikode,5,M.K.RAGHAVAN,Indian National Congress,A.PRADEEP KUMAR,Communist Party of India (Marxist),85225,Result Declared,S11,Kerala
Malappuram,6,P.K. Kunhal,Indian Union Muslim League,V.P. Sanu,Communist Party of India (Marxist),260153,Result Declared,S11,Kerala
Mavelikkara,16,KODIKUNNIL SURESH,Indian National Congress,CHITTAYAM GOPAKUMAR,Communist Party of India,61138,Result Declared,S11,Kerala
Palakkad,8,V K SREEKANDAN,Indian National Congress,M B RAJESH,Communist Party of India (Marxist),11637,Result Declared,S11,Kerala
Pathanamthitta,17,ANTO ANTONY,Indian National Congress,VEENA GEORGE,Communist Party of India (Marxist),44243,Result Declared,S11,Kerala
Ponnani,7,E. T. Mohammed Basheer,Indian Union Muslim League,P.V. Anvar Puthan Veetil,Independent,193273,Result Declared,S11,Kerala
Thiruvananthapuram,20,Dr. SHASHI THAROOR,Indian National Congress,KUMMANAM RAJASEKHARAN,Bharatiya Janata Party,99989,Result Declared,S11,Kerala
Thrissur,10,T. N. PRATHAPAN,Indian National Congress,RAJAJI MATHEW THOMAS,Communist Party of India,93633,Result Declared,S11,Kerala
Vadakara,3,K. MURALEEDHARAN,Indian National Congress,P.JAYARAJAN,Communist Party of India (Marxist),84663,Result Declared,S11,Kerala
Wayanad,4,Rahul Gandh,Indian National Congress,P.P. Suneer,Communist Party of India,431770,Result Declared,S11,Kerala
Bagalkot,3,Gadd,Bharatiya Janata Party,Veena Kashappanavar,Indian National Congress,168187,Result Declared,S10,Karnataka
Bangalore central,25,P. C. Mohan,Bharatiya Janata Party,Rizwan Arshad,Indian National Congress,70968,Result Declared,S10,Karnataka
Bangalore North,24,D.V. Sadananda Gowda,Bharatiya Janata Party,Krishna Byregowda,Indian National Congress,147518,Result Declared,S10,Karnataka
Bangalore Rural,23,D.K. SURESH,Indian National Congress,ASHWATHNARAYANGOWDA,Bharatiya Janata Party,206870,Result Declared,S10,Karnataka
Bangalore South,26,TEJASVI SURYA,Bharatiya Janata Party,B.K.HARIPRASAD,Indian National Congress,331192,Result Declared,S10,Karnataka
Belgaum,2,ANGADI SURESH CHANNABASAPPA,Bharatiya Janata Party,Dr.SADHUNAVAR,Indian National Congress,391304,Result Declared,S10,Karnataka
Bellary,9,Y. DEVENDRAPPA,Bharatiya Janata Party,V. S. UGRAPPA,Indian National Congress,55707,Result Declared,S10,Karnataka
Bidar,7,BHAGWANTH KHUBA,Bharatiya Janata Party,ESHWAR B. KHANDRE,Indian National Congress,116834,Result Declared,S10,Karnataka
Bijapur,4,JIGAJINAGI RAMESH CHANDAPPA,Bharatiya Janata Party,DR. SUNITA DEVANAND CHAVAN,Janata Dal (Secular),258038,Result Declared,S10,Karnataka
Chamarajanagar,22,V. SRINIVAS PRASAD,Bharatiya Janata Party,R. DHRUVANARAYANA,Indian National Congress,1817,Result Declared,S10,Karnataka
Chikkballapur,27,B.N.Bache Gowda,Bharatiya Janata Party,M.Veerappa Moily,Indian National Congress,182110,Result Declared,S10,Karnataka
Chikkodi,1,ANNASAHEB SHANKAR JOLLE,Bharatiya Janata Party,PRAKASH BABANNA HUKKERI,Indian National Congress,118877,Result Declared,S10,Karnataka
Chitradurga,18,A NARAYANASWAMY,Bharatiya Janata Party,B N CHANDRAPPA,Indian National Congress,80178,Result Declared,S10,Karnataka
Dakshina Kannada,17,NALIN KUMAR KATEEL,Bharatiya Janata Party,MITHUN M RAI,Indian National Congress,274621,Result Declared,S10,Karnataka
Davanagere,13,G M SIDDESHWAR,Bharatiya Janata Party,H B MANJAPPA,Indian National Congress,169702,Result Declared,S10,Karnataka
Dharwad,11,Pralhad Josh,Bharatiya Janata Party,Vinay Kulkarni,Indian National Congress,205072,Result Declared,S10,Karnataka
Gulbarga,5,DR. UMESH G JADHAV,Bharatiya Janata Party,MALLIKARJUN KHARGE,Indian National Congress,95452,Result Declared,S10,Karnataka
Hassan,16,PRAJWAL REVANNA,Janata Dal (Secular),MANJU A,Bharatiya Janata Party,141324,Result Declared,S10,Karnataka
Haveri,10,UDASI. S.C.,Bharatiya Janata Party,D.R. PATIL,Indian National Congress,140882,Result Declared,S10,Karnataka
Kolar,28,S. MUNISWAMY,Bharatiya Janata Party,K.H. MUNIYAPPA,Indian National Congress,210021,Result Declared,S10,Karnataka
Koppal,8,KARADI SANGANNA AMARAPPA,Bharatiya Janata Party,K.RAJASHEKAR BASAVARAJ HITNAL,Indian National Congress,38397,Result Declared,S10,Karnataka
Mandya,20,SUMALATHA AMBAREESH,Independent,NIKHIL KUMARASWAMY,Janata Dal (Secular),125876,Result Declared,S10,Karnataka
Mysore,21,PRATHAP SIMHA,Bharatiya Janata Party,C.H.VIJAYASHANKAR,Indian National Congress,138647,Result Declared,S10,Karnataka
Raichur,6,RAJA AMARESHWARA NAIK,Bharatiya Janata Party,B. V NAIK,Indian National Congress,117716,Result Declared,S10,Karnataka
Shimoga,14,B.Y.RAGHAVENDRA.,Bharatiya Janata Party,S.MADHUBANGARAPPA,Janata Dal (Secular),223360,Result Declared,S10,Karnataka
Tumkur,19,G. S. BASAVARAJ,Bharatiya Janata Party,H. D. DEVEGOWDA,Janata Dal (Secular),13339,Result Declared,S10,Karnataka
Udupi Chikmagalur,15,SHOBHA KARANDLAJE,Bharatiya Janata Party,PRAMOD MADHWARAJ,Janata Dal (Secular),349599,Result Declared,S10,Karnataka
Uttara Kannada,12,ANANTKUMAR HEGDE,Bharatiya Janata Party,ANAND ASNOTIKAR,Janata Dal (Secular),479649,Result Declared,S10,Karnataka
Anantnag,3,HASNAIN MASOODI,Jammu & Kashmir National Conference,GHULAM AHMAD MIR,Indian National Congress,6676,Result Declared,S09,Jammu & Kashmir
Baramulla,1,MOHAMMAD AKBAR LONE,Jammu & Kashmir National Conference,RAJA AIJAZ ALI,Jammu & Kashmir People Conference,30233,Result Declared,S09,Jammu & Kashmir
Jammu,6,Jugal K,Bharatiya Janata Party,Raman Bhalla,Indian National Congress,302875,Result Declared,S09,Jammu & Kashmir
Ladakh,4,Jamyang Tser,Bharatiya Janata Party,Sajjad Hussain,Independent,10930,Result Declared,S09,Jammu & Kashmir
Srinagar,2,Farooq Abdullah,Jammu & Kashmir National Conference,Aga Syed Mohsin,Peoples Democratic Party,70050,Result Declared,S09,Jammu & Kashmir
Udhampur,5,DR. JITENDRA SINGH,Bharatiya Janata Party,VIKRAMADITYA SINGH,Indian National Congress,357252,Result Declared,S09,Jammu & Kashmir
Hamirpur,3,ANURAG SINGH THAKUR,Bharatiya Janata Party,RAM LAL THAKUR,Indian National Congress,399572,Result Declared,S08,Himachal Pradesh
Kangra,1,K,Bharatiya Janata Party,Pawan Kajal,Indian National Congress,477623,Result Declared,S08,Himachal Pradesh
Mandi,2,RAM SWAROOP SHARMA,Bharatiya Janata Party,AASHRAY SHARMA,Indian National Congress,405459,Result Declared,S08,Himachal Pradesh
Shimla,4,SURESH KUMAR KASHYAP,Bharatiya Janata Party,DHANI RAM SHANDIL,Indian National Congress,327515,Result Declared,S08,Himachal Pradesh
Ambala,1,RATTAN LAL KATARIA,Bharatiya Janata Party,SELJA,Indian National Congress,342345,Result Declared,S07,Haryana
Bhiwani-Mahendragarh,8,Dharamb,Bharatiya Janata Party,Shruti Choudhry,Indian National Congress,444463,Result Declared,S07,Haryana
Faridabad,10,KRISHAN PAL,Bharatiya Janata Party,AVTAR SINGH BHADANA,Indian National Congress,638239,Result Declared,S07,Haryana
Gurgaon,9,RAO INDERJIT SINGH,Bharatiya Janata Party,CAPT. AJAY SINGH,Indian National Congress,386256,Result Declared,S07,Haryana
Hisar,4,BRIJENDRA SINGH,Bharatiya Janata Party,DUSHYANT CHAUTALA,Jannayak Janta Party,314068,Result Declared,S07,Haryana
Karnal,5,Sanjay Bhat,Bharatiya Janata Party,Kuldip Sharma,Indian National Congress,656142,Result Declared,S07,Haryana
Kurukshetra,2,NAYAB SINGH,Bharatiya Janata Party,NIRMAL SINGH,Indian National Congress,384591,Result Declared,S07,Haryana
Rohtak,7,ARVIND KUMAR SHARMA,Bharatiya Janata Party,DEEPENDER SINGH HOODA,Indian National Congress,7503,Result Declared,S07,Haryana
Sirsa,3,Sun,Bharatiya Janata Party,Ashok Tanwar,Indian National Congress,309918,Result Declared,S07,Haryana
Sonipat,6,RAMESH CHANDER KAUSHIK,Bharatiya Janata Party,BHUPINDER SINGH HOODA,Indian National Congress,164864,Result Declared,S07,Haryana
Ahmedabad East,7,Patel Hasmukhbha,Bharatiya Janata Party,Gitaben Patel,Indian National Congress,434330,Result Declared,S06,Gujarat
Ahmedabad West,8,DR. KIRIT P. SOLANKI,Bharatiya Janata Party,RAJU PARMAR,Indian National Congress,321546,Result Declared,S06,Gujarat
Amreli,14,Kachhad,Bharatiya Janata Party,Paresh Dhanani,Indian National Congress,201431,Result Declared,S06,Gujarat
Anand,16,PATEL MITESH RAMESHBHAI (BAKABHAI),Bharatiya Janata Party,BHARATBHAI MADHAVSINH SOLANKI,Indian National Congress,197718,Result Declared,S06,Gujarat
Banaskantha,2,PARBATBHAI SAVABHAI PATEL,Bharatiya Janata Party,PARTHIBHAI GALBABHAI BHATOL,Indian National Congress,368296,Result Declared,S06,Gujarat
Bardoli,23,PARBHUBHAI NAGARBHAI VASAVA,Bharatiya Janata Party,CHAUDHARI DR. TUSHARBHAI AMARSINHBHAI,Indian National Congress,215447,Result Declared,S06,Gujarat
Bharuch,22,Mansukhbha,Bharatiya Janata Party,Sherkhan Abdulsakur Pathan,Indian National Congress,334214,Result Declared,S06,Gujarat
Bhavnagar,15,DR.BHARATIBEN DHIRUBHAI SHIYAL,Bharatiya Janata Party,PATEL MANHARBHAI NAGJIBHAI (VASANI),Indian National Congress,329519,Result Declared,S06,Gujarat
Chhota Udaipur,21,RATHVA GITABEN VAJESINGBHAI,Bharatiya Janata Party,RATHAVA RANJITSINH MOHANSINH,Indian National Congress,377943,Result Declared,S06,Gujarat
Dahod,19,JASHVANTSINH SUMANBHAI BHABHOR,Bharatiya Janata Party,KATARA BABUBHAI KHIMABHAI,Indian National Congress,127596,Result Declared,S06,Gujarat
Gandhinagar,6,AMIT SHAH,Bharatiya Janata Party,Dr. C. J. CHAVDA,Indian National Congress,557014,Result Declared,S06,Gujarat
Jamnagar,12,POONAMBEN HEMATBHAI MAADAM,Bharatiya Janata Party,KANDORIYA MULUBHAI RANMALBHAI,Indian National Congress,236804,Result Declared,S06,Gujarat
Junagadh,13,CHUDASAMA RAJESHBHAI NARANBHAI,Bharatiya Janata Party,VANSH PUNJABHAI BHIMABHAI,Indian National Congress,150185,Result Declared,S06,Gujarat
Kachchh,1,CHAVDA VINOD LAKHAMSHI,Bharatiya Janata Party,NARESH NARANBHAI MAHESHWARI,Indian National Congress,305513,Result Declared,S06,Gujarat
Kheda,17,Chauhan Devus,Bharatiya Janata Party,Bimal Shah,Indian National Congress,367145,Result Declared,S06,Gujarat
Mahesana,4,SHARDABEN ANILBHAI PATEL,Bharatiya Janata Party,A. J. Patel,Indian National Congress,281519,Result Declared,S06,Gujarat
Navsari,25,C. R. Pat,Bharatiya Janata Party,PATEL DHARMESHBHAI BHIMBHAI,Indian National Congress,689668,Result Declared,S06,Gujarat
Panchmahal,18,Ratans,Bharatiya Janata Party,Khant Vechatbhai Kuberbhai,Indian National Congress,428541,Result Declared,S06,Gujarat
Patan,3,DABHI BHARATSINHJI SHANKARJI,Bharatiya Janata Party,JAGDISH THAKOR,Indian National Congress,193879,Result Declared,S06,Gujarat
Porbandar,11,RAMESHBHAI LAVJIBHAI DHADUK,Bharatiya Janata Party,LALIT VASOYA,Indian National Congress,229823,Result Declared,S06,Gujarat
Rajkot,10,KUNDARIA MOHANBHAI KALYANJIBHAI,Bharatiya Janata Party,KAGATHARA LALITBHAI,Indian National Congress,368407,Result Declared,S06,Gujarat
Sabarkantha,5,RATHOD DIPSINH SHANKARSINH,Bharatiya Janata Party,THAKOR RAJENDRASINH SHIVSINH,Indian National Congress,268987,Result Declared,S06,Gujarat
Surat,24,Darshana V,Bharatiya Janata Party,Ashok Patel (Adhevada),Indian National Congress,548230,Result Declared,S06,Gujarat
Surendranagar,9,Dr. MUNJAPARA MAHENDRABHAI,Bharatiya Janata Party,KOLI PATEL SOMABHAI GANDALAL,Indian National Congress,277437,Result Declared,S06,Gujarat
Vadodara,20,RANJANBEN BHATT,Bharatiya Janata Party,PRASHANT PATEL (TIKO),Indian National Congress,589177,Result Declared,S06,Gujarat
Valsad,26,Dr.K.C.PATEL,Bharatiya Janata Party,CHAUDHARI JITUBHAI HARJIBHAI,Indian National Congress,353797,Result Declared,S06,Gujarat
North Goa,1,SHRIPAD YESSO NAIK,Bharatiya Janata Party,GIRISH RAYA CHODANKAR,Indian National Congress,80247,Result Declared,S05,Goa
South Goa,2,COSME FRANCISCO CAITANO SARDINHA,Indian National Congress,ADV. NARENDRA SAWAIKAR,Bharatiya Janata Party,9755,Result Declared,S05,Goa
Araria,9,PRADEEP KUMAR SINGH,Bharatiya Janata Party,SARFARAZ ALAM,Rashtriya Janata Dal,137241,Result Declared,S04,Bihar
Arrah,32,R. K. S,Bharatiya Janata Party,Raju Yadav,Communist Party of India (Marxist-Leninist) (Liberation),147285,Result Declared,S04,Bihar
Aurangabad,37,SUSHIL KUMAR SINGH,Bharatiya Janata Party,UPENDRA PRASAD,Hindustani Awam Morcha (Secular),72607,Result Declared,S04,Bihar
Banka,27,GIRIDHARI YADAV,Janata Dal (United),JAI PRAKASH NARAYAN YADAV,Rashtriya Janata Dal,200532,Result Declared,S04,Bihar
Begusarai,24,G,Bharatiya Janata Party,Kanhaiya Kumar,Communist Party of India,422217,Result Declared,S04,Bihar
Bhagalpur,26,AJAY KUMAR MANDAL,Janata Dal (United),SHAILESH KUMAR ALIAS VULO MANDAL,Rashtriya Janata Dal,277630,Result Declared,S04,Bihar
Buxar,33,Ashw,Bharatiya Janata Party,Jagadanand Singh,Rashtriya Janata Dal,117609,Result Declared,S04,Bihar
Darbhanga,14,Gopal Jee Thakur,Bharatiya Janata Party,Abdul Bari Siddiqui,Rashtriya Janata Dal,267979,Result Declared,S04,Bihar
Gaya (SC),38,V,Janata Dal (United),Jitan Ram Manjhi,Hindustani Awam Morcha (Secular),152426,Result Declared,S04,Bihar
Gopalganj (SC),17,DR. ALOK KUMAR SUMAN,Janata Dal (United),SURENDRA RAM,Rashtriya Janata Dal,286434,Result Declared,S04,Bihar
Hajipur (SC),21,PASHU PATI KUMAR PARAS,Lok Jan Shakti Party,SHIV CHANDRA RAM,Rashtriya Janata Dal,205449,Result Declared,S04,Bihar
Jahanabad,36,CHANDESHWAR PRASAD,Janata Dal (United),SURENDRA PRASAD YADAV,Rashtriya Janata Dal,1751,Result Declared,S04,Bihar
Jamui (SC),40,CHIRAG KUMAR PASWAN,Lok Jan Shakti Party,BHUDEO CHOUDHARY,Rashtriya Lok Samta Party,241049,Result Declared,S04,Bihar
Jhanjharpur,7,Rampr,Janata Dal (United),GULAB YADAV,Rashtriya Janata Dal,322951,Result Declared,S04,Bihar
Karakat,35,MAHABALI SINGH,Janata Dal (United),UPENDRA KUSHWAHA,Rashtriya Lok Samta Party,84542,Result Declared,S04,Bihar
Katihar,11,DULAL CHANDRA GOSWAMI,Janata Dal (United),TARIQ ANWAR,Indian National Congress,57203,Result Declared,S04,Bihar
Khagaria,25,Choudhary Mehboob Al,Lok Jan Shakti Party,Mukesh Sahani,Vikassheel Insaan Party,248570,Result Declared,S04,Bihar
Kishanganj,10,Dr. Mohammad Jawed,Indian National Congress,Syed Mahmood Ashraf,Janata Dal (United),34466,Result Declared,S04,Bihar
Madhepura,13,D,Janata Dal (United),Sharad Yadav,Rashtriya Janata Dal,301527,Result Declared,S04,Bihar
Madhubani,6,ASHOK KUMAR YADAV,Bharatiya Janata Party,BADRI KUMAR PURBEY,Vikassheel Insaan Party,454940,Result Declared,S04,Bihar
Maharajganj,19,Janardan S,Bharatiya Janata Party,Randhir Kumar Singh,Rashtriya Janata Dal,230772,Result Declared,S04,Bihar
Munger,28,RAJIV RANJAN SINGH ALIAS LALAN SINGH,Janata Dal (United),NILAM DEVI,Indian National Congress,167937,Result Declared,S04,Bihar
Muzaffarpur,15,Ajay N,Bharatiya Janata Party,Raj Bhushan Choudhary,Vikassheel Insaan Party,409988,Result Declared,S04,Bihar
Nalanda,29,Kaushlendra Kumar,Janata Dal (United),Ashok Kumar Azad,Hindustani Awam Morcha (Secular),256137,Result Declared,S04,Bihar
Nawada,39,Chandan S,Lok Jan Shakti Party,Vibha Devi,Rashtriya Janata Dal,148072,Result Declared,S04,Bihar
Paschim Champaran,2,DR. SANJAY JAISWAL,Bharatiya Janata Party,BRIJESH KUMAR KUSHWAHA,Rashtriya Lok Samta Party,293906,Result Declared,S04,Bihar
Pataliputra,31,RAM KRIPAL YADAV,Bharatiya Janata Party,MISHA BHARTI,Rashtriya Janata Dal,39321,Result Declared,S04,Bihar
Patna Sahib,30,RAVI SHANKAR PRASAD,Bharatiya Janata Party,SHATRUGHAN SINHA,Indian National Congress,284657,Result Declared,S04,Bihar
Purnia,12,SANTOSH KUMAR,Janata Dal (United),UDAY SINGH ALIAS PAPPU SINGH,Indian National Congress,263461,Result Declared,S04,Bihar
Purvi Champaran,3,RADHA MOHAN SINGH,Bharatiya Janata Party,AAKASH KUMAR SINGH,Rashtriya Lok Samta Party,293648,Result Declared,S04,Bihar
Samastipur (SC),23,Ramchandra Paswan,Lok Jan Shakti Party,Dr. Ashok Kumar,Indian National Congress,251643,Result Declared,S04,Bihar
Saran,20,Raj,Bharatiya Janata Party,Chandrika Roy,Rashtriya Janata Dal,138429,Result Declared,S04,Bihar
Sasaram (SC),34,CHHEDI PASWAN,Bharatiya Janata Party,MEIRA KUMAR,Indian National Congress,165745,Result Declared,S04,Bihar
Sheohar,4,RAMA DEVI,Bharatiya Janata Party,SYED FAISAL ALI,Rashtriya Janata Dal,340360,Result Declared,S04,Bihar
Sitamarhi,5,Sun,Janata Dal (United),Arjun Ray,Rashtriya Janata Dal,250539,Result Declared,S04,Bihar
Siwan,18,Kav,Janata Dal (United),Hena Shahab,Rashtriya Janata Dal,116958,Result Declared,S04,Bihar
Supaul,8,D,Janata Dal (United),Ranjeet Ranjan,Indian National Congress,266853,Result Declared,S04,Bihar
Ujiarpur,22,N,Bharatiya Janata Party,Upendra Kushwaha,Rashtriya Lok Samta Party,277278,Result Declared,S04,Bihar
Vaishali,16,Veena Dev,Lok Jan Shakti Party,Raghuvansh Prasad Singh,Rashtriya Janata Dal,234584,Result Declared,S04,Bihar
Valmiki Nagar,1,BAIDYANATH PRASAD MAHTO,Janata Dal (United),SHASHWAT KEDAR,Indian National Congress,354616,Result Declared,S04,Bihar
Autonomous District,3,HOREN SING BEY,Bharatiya Janata Party,BIREN SINGH ENGTI,Indian National Congress,239626,Result Declared,S03,Assam
Barpeta,6,Abdul Khaleque,Indian National Congress,Kumar Deepak Das,Asom Gana Parishad,140307,Result Declared,S03,Assam
Dhubri,4,BADRUDDIN AJMAL,All India United Democratic Front,ABU TAHER BEPARI,Indian National Congress,226258,Result Declared,S03,Assam
Dibrugarh,13,RAMESWAR TELI,Bharatiya Janata Party,PABAN SINGH GHATOWAR,Indian National Congress,364566,Result Declared,S03,Assam
Gauhati,7,QUEEN OJA,Bharatiya Janata Party,BOBBEETA SHARMA,Indian National Congress,345606,Result Declared,S03,Assam
Jorhat,12,TOPON KUMAR GOGOI,Bharatiya Janata Party,SUSHANTA BORGOHAIN,Indian National Congress,82653,Result Declared,S03,Assam
Kaliabor,11,Gaurav Gogo,Indian National Congress,Moni Madhab Mahanta,Asom Gana Parishad,209994,Result Declared,S03,Assam
Karimganj,1,KRIPANATH MALLAH,Bharatiya Janata Party,RADHESHYAM BISWAS,All India United Democratic Front,38389,Result Declared,S03,Assam
Kokrajhar,5,Naba Kumar Saran,Independent,Pramila Rani Brahma,Bodoland Peoples Front,37786,Result Declared,S03,Assam
Lakhimpur,14,PRADAN BARUAH,Bharatiya Janata Party,ANIL BORGOHAIN,Indian National Congress,350551,Result Declared,S03,Assam
Mangaldoi,8,DILIP SAIKIA,Bharatiya Janata Party,BHUBANESWAR KALITA,Indian National Congress,138545,Result Declared,S03,Assam
Nowgong,10,Pradyut Bordolo,Indian National Congress,Sri Rupak Sharma,Bharatiya Janata Party,16752,Result Declared,S03,Assam
Silchar,2,RAJDEEP ROY,Bharatiya Janata Party,SUSHMITA DEV,Indian National Congress,81596,Result Declared,S03,Assam
Tezpur,9,PALLAB LOCHAN DAS,Bharatiya Janata Party,M.G.V.K. BHANU,Indian National Congress,242841,Result Declared,S03,Assam
ARUNACHAL EAST,2,Tap,Bharatiya Janata Party,Lowangcha Wanglat,Indian National Congress,69948,Result Declared,S02,Arunanchal Pradesh
ARUNACHAL WEST,1,KIREN RIJIJU,Bharatiya Janata Party,NABAM TUKI,Indian National Congress,174843,Result Declared,S02,Arunanchal Pradesh
Amalapuram,7,CHINTA ANURADHA,Yuvajana Sramika Rythu Congress Party,GANTI HARISH MADHUR (BALAYOGI),Telugu Desam,39966,Result Declared,S01,Andhra Pradesh
Anakapalli,5,Dr.Beesett,Yuvajana Sramika Rythu Congress Party,ADARI ANAND KUMAR,Telugu Desam,89192,Result Declared,S01,Andhra Pradesh
Anantapur,19,TALARI RANGAIAH,Yuvajana Sramika Rythu Congress Party,J.C. PAVAN REDDY,Telugu Desam,141428,Result Declared,S01,Andhra Pradesh
Aruku,1,GODDETI. MADHAVI,Yuvajana Sramika Rythu Congress Party,KISHORE CHANDRA DEO,Telugu Desam,224089,Result Declared,S01,Andhra Pradesh
Bapatla,15,NANDIGAM SURESH,Yuvajana Sramika Rythu Congress Party,MALYADRI SRIRAM,Telugu Desam,16065,Result Declared,S01,Andhra Pradesh
Chittoor,25,N. REDDEPPA,Yuvajana Sramika Rythu Congress Party,NARAMALLI SIVA PRASAD,Telugu Desam,137271,Result Declared,S01,Andhra Pradesh
Eluru,10,KOTAGIRI SRIDHAR,Yuvajana Sramika Rythu Congress Party,MAGANTTI VENKATESWARA RAO BABU,Telugu Desam,165925,Result Declared,S01,Andhra Pradesh
Guntur,13,Jayadev Galla,Telugu Desam,Modugula Venugopala Reddy,Yuvajana Sramika Rythu Congress Party,4205,Result Declared,S01,Andhra Pradesh
Hindupur,20,KURUVA GORANTLA MADHAV,Yuvajana Sramika Rythu Congress Party,KRISTAPPA . NIMMALA,Telugu Desam,140748,Result Declared,S01,Andhra Pradesh
Kadapa,21,Y.S.Av,Yuvajana Sramika Rythu Congress Party,Chadipirala Adi Narayana Reddy,Telugu Desam,380976,Result Declared,S01,Andhra Pradesh
Kakinada,6,VANGA GEETHAVISWANATH,Yuvajana Sramika Rythu Congress Party,CHALAMALASETTY SUNIL,Telugu Desam,25738,Result Declared,S01,Andhra Pradesh
Kurnool,18,AYUSHMAN DOCTOR SANJEEV KUMAR,Yuvajana Sramika Rythu Congress Party,KOTLA JAYA SURYA PRAKASH REDDY,Telugu Desam,148889,Result Declared,S01,Andhra Pradesh
Machilipatnam,11,BALASHOWRY VALLABHANENI,Yuvajana Sramika Rythu Congress Party,KONAKALLA NARAYANA RAO,Telugu Desam,60141,Result Declared,S01,Andhra Pradesh
Nandyal,17,POCHA . BRAHMANANDA REDDY,Yuvajana Sramika Rythu Congress Party,MANDRA SIVANANDA REDDY,Telugu Desam,250119,Result Declared,S01,Andhra Pradesh
Narasaraopet,14,LAVU SRI KRISHNA DEVARAYALU,Yuvajana Sramika Rythu Congress Party,RAYAPATI SAMBASIVARAO,Telugu Desam,153978,Result Declared,S01,Andhra Pradesh
Narsapuram,9,KANUMURU RAGHU RAMA KRISHNA RAJU,Yuvajana Sramika Rythu Congress Party,V.V. SIVA RAMA RAJU (KALAVAPUDI SIVA),Telugu Desam,31909,Result Declared,S01,Andhra Pradesh
Nellore,22,Adala Prabhakara Reddy,Yuvajana Sramika Rythu Congress Party,Beeda Masthan Rao,Telugu Desam,148571,Result Declared,S01,Andhra Pradesh
Ongole,16,MAGUNTA SREENIVASULU REDDY,Yuvajana Sramika Rythu Congress Party,SIDDA RAGHAVA RAO,Telugu Desam,214851,Result Declared,S01,Andhra Pradesh
Rajahmundry,8,MARGANI BHARAT,Yuvajana Sramika Rythu Congress Party,MAGANTI ROOPA,Telugu Desam,121634,Result Declared,S01,Andhra Pradesh
Rajampet,24,P.V.MIDHUN REDDY,Yuvajana Sramika Rythu Congress Party,D A SATHYA PRABHA,Telugu Desam,268284,Result Declared,S01,Andhra Pradesh
Srikakulam,2,KINJARAPU RAM MOHAN NAIDU,Telugu Desam,DUVVADA SRINIVAS,Yuvajana Sramika Rythu Congress Party,6653,Result Declared,S01,Andhra Pradesh
Tirupati,23,Ball,Yuvajana Sramika Rythu Congress Party,Panabaka Lakshmi,Telugu Desam,228376,Result Declared,S01,Andhra Pradesh
Vijayawada,12,KESINENI SRINIVAS (NANI),Telugu Desam,POTLURI.V.PRASAD ( P V P ),Yuvajana Sramika Rythu Congress Party,8726,Result Declared,S01,Andhra Pradesh
Visakhapatnam,4,M V V SATYANARAYANA,Yuvajana Sramika Rythu Congress Party,BHARAT MATHUKUMILLI,Telugu Desam,4414,Result Declared,S01,Andhra Pradesh
Vizianagaram,3,Bellana Chandra Sekhar,Yuvajana Sramika Rythu Congress Party,Ashok Gajapathi Raju Pusapati,Telugu Desam,48036,Result Declared,S01,Andhra Pradesh
